{
    "classifier": "XGBoost",
    "xgb_colsample_bytree": 0.7896000122582489,
    "xgb_learning_rate": 0.027434724266888824,
    "xgb_max_depth": 8,
    "xgb_n_estimators": 211,
    "xgb_subsample": 0.7188066640151899
}