iter	CrossEntropy
0	0.6931404331
1	0.6890200431
2	0.685461957
3	0.6853852316
4	0.6839313514
5	0.6831503667
