iter	Logloss
0	0.6904749463
1	0.6888266421
2	0.6865692237
3	0.6850654737
4	0.6850650105
5	0.6833117356
